Season,HomeTeam,AwayTeam,HomeGoals,AwayGoals
2025-26,Bayern Munich,RB Leipzig,6,0
2025-26,Ein Frankfurt,Werder Bremen,4,1
2025-26,Freiburg,Augsburg,1,3
2025-26,Heidenheim,Wolfsburg,1,3
2025-26,Leverkusen,Hoffenheim,1,2
2025-26,Union Berlin,Stuttgart,2,1
2025-26,St Pauli,Dortmund,3,3
2025-26,Mainz,FC Koln,0,1
2025-26,M'gladbach,Hamburg,0,0
2025-26,Hamburg,St Pauli,0,2
2025-26,Hoffenheim,Ein Frankfurt,1,3
2025-26,RB Leipzig,Heidenheim,2,0
2025-26,Stuttgart,M'gladbach,1,0
2025-26,Werder Bremen,Leverkusen,3,3
2025-26,Augsburg,Bayern Munich,2,3
2025-26,Wolfsburg,Mainz,1,1
2025-26,Dortmund,Union Berlin,3,0
2025-26,FC Koln,Freiburg,4,1
2025-26,Leverkusen,Ein Frankfurt,3,1
2025-26,Freiburg,Stuttgart,3,1
2025-26,Heidenheim,Dortmund,0,2
2025-26,Mainz,RB Leipzig,0,1
2025-26,Union Berlin,Hoffenheim,2,4
2025-26,Wolfsburg,FC Koln,3,3
2025-26,Bayern Munich,Hamburg,5,0
2025-26,St Pauli,Augsburg,2,1
2025-26,M'gladbach,Werder Bremen,0,4
2025-26,Stuttgart,St Pauli,2,0
2025-26,Augsburg,Mainz,1,4
2025-26,Hamburg,Heidenheim,2,1
2025-26,Hoffenheim,Bayern Munich,1,4
2025-26,Werder Bremen,Freiburg,0,3
2025-26,RB Leipzig,FC Koln,3,1
2025-26,Ein Frankfurt,Union Berlin,3,4
2025-26,Leverkusen,M'gladbach,1,1
2025-26,Dortmund,Wolfsburg,1,0
2025-26,Bayern Munich,Werder Bremen,4,0
2025-26,Heidenheim,Augsburg,2,1
2025-26,Mainz,Dortmund,0,2
2025-26,St Pauli,Leverkusen,1,2
2025-26,Wolfsburg,RB Leipzig,0,1
2025-26,M'gladbach,Ein Frankfurt,4,6
2025-26,Freiburg,Hoffenheim,1,1
2025-26,FC Koln,Stuttgart,1,2
2025-26,Union Berlin,Hamburg,0,0
2025-26,Hoffenheim,FC Koln,0,1
2025-26,Augsburg,Wolfsburg,3,1
2025-26,Dortmund,RB Leipzig,1,1
2025-26,Leverkusen,Union Berlin,2,0
2025-26,Werder Bremen,St Pauli,1,0
2025-26,Ein Frankfurt,Bayern Munich,0,3
2025-26,Stuttgart,Heidenheim,1,0
2025-26,Hamburg,Mainz,4,0
2025-26,M'gladbach,Freiburg,0,0
2025-26,Union Berlin,M'gladbach,3,1
2025-26,FC Koln,Augsburg,1,1
2025-26,Heidenheim,Werder Bremen,2,2
2025-26,Mainz,Leverkusen,3,4
2025-26,RB Leipzig,Hamburg,2,1
2025-26,Wolfsburg,Stuttgart,0,3
2025-26,Bayern Munich,Dortmund,2,1
2025-26,Freiburg,Ein Frankfurt,2,2
2025-26,St Pauli,Hoffenheim,0,3
2025-26,Werder Bremen,Union Berlin,1,0
2025-26,Augsburg,RB Leipzig,0,6
2025-26,Ein Frankfurt,St Pauli,2,0
2025-26,Hamburg,Wolfsburg,0,1
2025-26,Hoffenheim,Heidenheim,3,1
2025-26,M'gladbach,Bayern Munich,0,3
2025-26,Dortmund,FC Koln,1,0
2025-26,Leverkusen,Freiburg,2,0
2025-26,Stuttgart,Mainz,2,1
2025-26,Augsburg,Dortmund,0,1
2025-26,Heidenheim,Ein Frankfurt,1,1
2025-26,Mainz,Werder Bremen,1,1
2025-26,RB Leipzig,Stuttgart,3,1
2025-26,St Pauli,M'gladbach,0,4
2025-26,Union Berlin,Freiburg,0,0
2025-26,Bayern Munich,Leverkusen,3,0
2025-26,FC Koln,Hamburg,4,1
2025-26,Wolfsburg,Hoffenheim,2,3
2025-26,Werder Bremen,Wolfsburg,2,1
2025-26,Hamburg,Dortmund,1,1
2025-26,Hoffenheim,RB Leipzig,3,1
2025-26,Leverkusen,Heidenheim,6,0
2025-26,Union Berlin,Bayern Munich,2,2
2025-26,M'gladbach,FC Koln,3,1
2025-26,Freiburg,St Pauli,2,1
2025-26,Stuttgart,Augsburg,3,2
2025-26,Ein Frankfurt,Mainz,1,0
2025-26,Mainz,Hoffenheim,1,1
2025-26,Augsburg,Hamburg,1,0
2025-26,Bayern Munich,Freiburg,6,2
2025-26,Dortmund,Stuttgart,3,3
2025-26,Heidenheim,M'gladbach,0,3
2025-26,Wolfsburg,Leverkusen,1,3
2025-26,FC Koln,Ein Frankfurt,3,4
2025-26,RB Leipzig,Werder Bremen,2,0
2025-26,St Pauli,Union Berlin,0,1
2025-26,M'gladbach,RB Leipzig,0,0
2025-26,Bayern Munich,St Pauli,3,1
2025-26,Hoffenheim,Augsburg,3,0
2025-26,Union Berlin,Heidenheim,1,2
2025-26,Werder Bremen,FC Koln,1,1
2025-26,Leverkusen,Dortmund,1,2
2025-26,Hamburg,Stuttgart,2,1
2025-26,Ein Frankfurt,Wolfsburg,1,1
2025-26,Freiburg,Mainz,4,0
2025-26,Mainz,M'gladbach,0,1
2025-26,Augsburg,Leverkusen,2,0
2025-26,FC Koln,St Pauli,1,1
2025-26,Heidenheim,Freiburg,2,1
2025-26,Stuttgart,Bayern Munich,0,5
2025-26,Wolfsburg,Union Berlin,3,1
2025-26,RB Leipzig,Ein Frankfurt,6,0
2025-26,Hamburg,Werder Bremen,3,2
2025-26,Dortmund,Hoffenheim,2,0
2025-26,Union Berlin,RB Leipzig,3,1
2025-26,Ein Frankfurt,Augsburg,1,0
2025-26,Hoffenheim,Hamburg,4,1
2025-26,M'gladbach,Wolfsburg,1,3
2025-26,St Pauli,Heidenheim,2,1
2025-26,Leverkusen,FC Koln,2,0
2025-26,Freiburg,Dortmund,1,1
2025-26,Bayern Munich,Mainz,2,2
2025-26,Werder Bremen,Stuttgart,0,4
2025-26,Dortmund,M'gladbach,2,0
2025-26,Augsburg,Werder Bremen,0,0
2025-26,FC Koln,Union Berlin,0,1
2025-26,Hamburg,Ein Frankfurt,1,1
2025-26,Stuttgart,Hoffenheim,0,0
2025-26,Wolfsburg,Freiburg,3,4
2025-26,RB Leipzig,Leverkusen,1,3
2025-26,Mainz,St Pauli,0,0
2025-26,Heidenheim,Bayern Munich,0,4
2025-26,Ein Frankfurt,Dortmund,3,3
2025-26,Freiburg,Hamburg,2,1
2025-26,Heidenheim,FC Koln,2,2
2025-26,Union Berlin,Mainz,2,2
2025-26,Leverkusen,Stuttgart,1,4
2025-26,M'gladbach,Augsburg,4,0
2025-26,Bayern Munich,Wolfsburg,8,1
2025-26,Stuttgart,Ein Frankfurt,3,2
2025-26,Dortmund,Werder Bremen,3,0
2025-26,Mainz,Heidenheim,2,1
2025-26,Wolfsburg,St Pauli,2,1
2025-26,FC Koln,Bayern Munich,1,3
2025-26,Hoffenheim,M'gladbach,5,1
2025-26,RB Leipzig,Freiburg,2,0
2025-26,Augsburg,Union Berlin,1,1
2025-26,Werder Bremen,Ein Frankfurt,3,3
2025-26,Dortmund,St Pauli,3,2
2025-26,FC Koln,Mainz,2,1
2025-26,Hamburg,M'gladbach,0,0
2025-26,Hoffenheim,Leverkusen,1,0
2025-26,Wolfsburg,Heidenheim,1,1
2025-26,RB Leipzig,Bayern Munich,1,5
2025-26,Stuttgart,Union Berlin,1,1
2025-26,Augsburg,Freiburg,2,2
2025-26,St Pauli,Hamburg,0,0
2025-26,Bayern Munich,Augsburg,1,2
2025-26,Ein Frankfurt,Hoffenheim,1,3
2025-26,Heidenheim,RB Leipzig,0,3
2025-26,Leverkusen,Werder Bremen,1,0
2025-26,Mainz,Wolfsburg,3,1
2025-26,Union Berlin,Dortmund,0,3
2025-26,M'gladbach,Stuttgart,0,3
2025-26,Freiburg,FC Koln,2,1
2025-26,St Pauli,RB Leipzig,1,1
2025-26,Werder Bremen,Hoffenheim,0,2
2025-26,FC Koln,Wolfsburg,1,0
2025-26,Augsburg,St Pauli,2,1
2025-26,Ein Frankfurt,Leverkusen,1,3
2025-26,Hoffenheim,Union Berlin,3,1
2025-26,RB Leipzig,Mainz,1,2
2025-26,Werder Bremen,M'gladbach,1,1
2025-26,Hamburg,Bayern Munich,2,2
2025-26,Stuttgart,Freiburg,1,0
2025-26,Dortmund,Heidenheim,3,2
2025-26,Union Berlin,Ein Frankfurt,1,1
2025-26,Freiburg,Werder Bremen,1,0
2025-26,Heidenheim,Hamburg,0,2
2025-26,Mainz,Augsburg,2,0
2025-26,St Pauli,Stuttgart,2,1
2025-26,Wolfsburg,Dortmund,1,2
2025-26,M'gladbach,Leverkusen,1,1
2025-26,FC Koln,RB Leipzig,1,2
2025-26,Bayern Munich,Hoffenheim,5,1
2025-26,Dortmund,Mainz,4,0
2025-26,Ein Frankfurt,M'gladbach,3,0
2025-26,Hamburg,Union Berlin,3,2
2025-26,Hoffenheim,Freiburg,3,0
2025-26,Leverkusen,St Pauli,4,0
2025-26,Werder Bremen,Bayern Munich,0,3
2025-26,Stuttgart,FC Koln,3,1
2025-26,Augsburg,Heidenheim,1,0
2025-26,RB Leipzig,Wolfsburg,2,2
2025-26,Mainz,Hamburg,1,1
2025-26,Bayern Munich,Ein Frankfurt,3,2
2025-26,FC Koln,Hoffenheim,2,2
2025-26,Union Berlin,Leverkusen,1,0
2025-26,Wolfsburg,Augsburg,2,3
2025-26,RB Leipzig,Dortmund,2,2
2025-26,Freiburg,M'gladbach,2,1
2025-26,St Pauli,Werder Bremen,2,1
2025-26,Heidenheim,Stuttgart,3,3
2025-26,Augsburg,FC Koln,2,0
2025-26,Hoffenheim,St Pauli,0,1
2025-26,Leverkusen,Mainz,1,1
2025-26,M'gladbach,Union Berlin,1,0
2025-26,Werder Bremen,Heidenheim,2,0
2025-26,Dortmund,Bayern Munich,2,3
2025-26,Stuttgart,Wolfsburg,4,0
2025-26,Ein Frankfurt,Freiburg,2,0
2025-26,Hamburg,RB Leipzig,1,2
2025-26,Hamburg,Leverkusen,0,1
2025-26,Bayern Munich,M'gladbach,4,1
2025-26,Freiburg,Leverkusen,3,3
2025-26,Heidenheim,Hoffenheim,2,4
2025-26,Mainz,Stuttgart,2,2
2025-26,RB Leipzig,Augsburg,2,1
2025-26,Wolfsburg,Hamburg,1,2
2025-26,FC Koln,Dortmund,1,2
2025-26,St Pauli,Ein Frankfurt,0,0
2025-26,Union Berlin,Werder Bremen,1,4
2025-26,M'gladbach,St Pauli,2,0
2025-26,Dortmund,Augsburg,2,0
2025-26,Ein Frankfurt,Heidenheim,1,0
2025-26,Hoffenheim,Wolfsburg,1,1
2025-26,Leverkusen,Bayern Munich,1,1
2025-26,Hamburg,FC Koln,1,1
2025-26,Werder Bremen,Mainz,0,2
2025-26,Freiburg,Union Berlin,0,1
2025-26,Stuttgart,RB Leipzig,1,0
2025-26,RB Leipzig,Hoffenheim,5,0
2025-26,Bayern Munich,Union Berlin,4,0
2025-26,FC Koln,M'gladbach,3,3
2025-26,Heidenheim,Leverkusen,3,3
2025-26,Wolfsburg,Werder Bremen,0,1
2025-26,Dortmund,Hamburg,3,2
2025-26,Mainz,Ein Frankfurt,2,1
2025-26,St Pauli,Freiburg,1,2
2025-26,Augsburg,Stuttgart,2,5
2025-26,Freiburg,Bayern Munich,2,3
2025-26,Hamburg,Augsburg,1,1
2025-26,Hoffenheim,Mainz,1,2
2025-26,Leverkusen,Wolfsburg,6,3
2025-26,M'gladbach,Heidenheim,2,2
2025-26,Werder Bremen,RB Leipzig,1,2
2025-26,Stuttgart,Dortmund,0,2
2025-26,Union Berlin,St Pauli,1,1
2025-26,Ein Frankfurt,FC Koln,2,2
2025-26,Augsburg,Hoffenheim,2,2
2025-26,Dortmund,Leverkusen,0,1
2025-26,Heidenheim,Union Berlin,3,1
2025-26,RB Leipzig,M'gladbach,1,0
2025-26,Wolfsburg,Ein Frankfurt,1,2
2025-26,St Pauli,Bayern Munich,0,5
2025-26,FC Koln,Werder Bremen,3,1
2025-26,Stuttgart,Hamburg,4,0
2025-26,Mainz,Freiburg,0,1
2025-26,St Pauli,FC Koln,1,1
2025-26,Hoffenheim,Dortmund,2,1
2025-26,Leverkusen,Augsburg,1,2
2025-26,Union Berlin,Wolfsburg,1,2
2025-26,Werder Bremen,Hamburg,3,1
2025-26,Ein Frankfurt,RB Leipzig,1,3
2025-26,Freiburg,Heidenheim,2,1
2025-26,Bayern Munich,Stuttgart,4,2
2025-26,M'gladbach,Mainz,1,1
2025-26,RB Leipzig,Union Berlin,3,1
2025-26,Augsburg,Ein Frankfurt,1,1
2025-26,FC Koln,Leverkusen,1,2
2025-26,Heidenheim,St Pauli,2,0
2025-26,Mainz,Bayern Munich,3,4
2025-26,Wolfsburg,M'gladbach,0,0
2025-26,Hamburg,Hoffenheim,1,2
2025-26,Stuttgart,Werder Bremen,1,1
2025-26,Dortmund,Freiburg,4,0
2025-26,Bayern Munich,Heidenheim,3,3
2025-26,Ein Frankfurt,Hamburg,1,2
2025-26,Hoffenheim,Stuttgart,3,3
2025-26,Union Berlin,FC Koln,2,2
2025-26,Werder Bremen,Augsburg,1,3
2025-26,Leverkusen,RB Leipzig,4,1
2025-26,St Pauli,Mainz,1,2
2025-26,M'gladbach,Dortmund,1,0
2025-26,Freiburg,Wolfsburg,1,1
2025-26,Dortmund,Ein Frankfurt,3,2
2025-26,Augsburg,M'gladbach,3,1
2025-26,Hoffenheim,Werder Bremen,1,0
2025-26,RB Leipzig,St Pauli,2,1
2025-26,Stuttgart,Leverkusen,3,1
2025-26,Wolfsburg,Bayern Munich,0,1
2025-26,Hamburg,Freiburg,3,2
2025-26,FC Koln,Heidenheim,1,3
2025-26,Mainz,Union Berlin,1,3
2025-26,Bayern Munich,FC Koln,5,1
2025-26,Ein Frankfurt,Stuttgart,2,2
2025-26,Freiburg,RB Leipzig,4,1
2025-26,Heidenheim,Mainz,0,2
2025-26,Leverkusen,Hamburg,1,1
2025-26,M'gladbach,Hoffenheim,4,0
2025-26,St Pauli,Wolfsburg,1,3
2025-26,Union Berlin,Augsburg,4,0
2025-26,Werder Bremen,Dortmund,0,2
